{
  "run_id": "ST-B1-20260712T153115-49638d",
  "generated_at": "2026-07-12T15:31:15.291787+00:00",
  "strategy": "ST-B1",
  "version": "1",
  "source": "parquet",
  "symbols": [
    "EURUSD",
    "GBPUSD"
  ],
  "costs": {
    "EURUSD": {
      "standard": 1.4,
      "stress2x": 2.8
    },
    "GBPUSD": {
      "standard": 1.8,
      "stress2x": 3.6
    }
  },
  "standard_cost": {
    "trade_count": 2319,
    "win_count": 799,
    "loss_count": 1520,
    "win_rate": 0.3445450625269513,
    "profit_factor": 0.834400671429224,
    "sharpe_ratio": -0.08797471756052237,
    "expectancy_r": -0.12468823289346484,
    "max_drawdown_r": 305.2507699113225,
    "max_drawdown_pct": 76.31269247783062,
    "total_net_r": -289.15201207994494,
    "monthly_returns_r": {
      "2023-07": 3.0060528116980447,
      "2023-08": -10.237912295759532,
      "2023-09": -0.6189645246008546,
      "2023-10": -18.14088476047025,
      "2023-11": 7.6538999793565825,
      "2023-12": -2.848225646158469,
      "2024-01": -30.425647246957478,
      "2024-02": -24.568177168582604,
      "2024-03": -18.544201364170423,
      "2024-04": -5.567105144866888,
      "2024-05": -13.236122621175204,
      "2024-06": -13.877907296629608,
      "2024-07": -2.1938035337846697,
      "2024-08": 1.4140336707192227,
      "2024-09": 0.9348019307367958,
      "2024-10": 3.715225372169747,
      "2024-11": 23.00007625313364,
      "2024-12": 10.774574649410166,
      "2025-01": 1.611176481029176,
      "2025-02": -22.492918911207575,
      "2025-03": -11.132315539303631,
      "2025-04": -23.611302354119342,
      "2025-05": -2.284706732168476,
      "2025-06": 2.135562620193963,
      "2025-07": -5.977153530679357,
      "2025-08": -17.250771479994956,
      "2025-09": -14.711809242830988,
      "2025-10": 4.389238326998511,
      "2025-11": -10.24326508065192,
      "2025-12": -5.169707881140726,
      "2026-01": -31.033414524779698,
      "2026-02": -25.59092360406874,
      "2026-03": -16.154345463521796,
      "2026-04": -3.2212112507775217,
      "2026-05": -10.57380757547253,
      "2026-06": -8.080049401517496
    }
  },
  "stress_2x_cost": {
    "trade_count": 2319,
    "win_count": 797,
    "loss_count": 1522,
    "win_rate": 0.3436826218197499,
    "profit_factor": 0.6747956206610174,
    "sharpe_ratio": -0.19560214042002227,
    "expectancy_r": -0.27737594386215997,
    "max_drawdown_r": 657.4323294791002,
    "max_drawdown_pct": 164.35808236977505,
    "total_net_r": -643.234813816349,
    "monthly_returns_r": {
      "2023-07": -2.9878943766059622,
      "2023-08": -19.156226979681644,
      "2023-09": -9.668839510258012,
      "2023-10": -27.281769520942493,
      "2023-11": -5.71028670217162,
      "2023-12": -13.964893734375822,
      "2024-01": -38.85129449391689,
      "2024-02": -33.3733001499757,
      "2024-03": -29.93867785142649,
      "2024-04": -17.134210289738313,
      "2024-05": -24.472245242354944,
      "2024-06": -22.55299698739387,
      "2024-07": -12.387607067573825,
      "2024-08": -9.754090706472427,
      "2024-09": -7.130396138530121,
      "2024-10": -7.569549255665767,
      "2024-11": 12.989494149322473,
      "2024-12": 0.5491492988174846,
      "2025-01": -8.51084155906558,
      "2025-02": -33.13085581611928,
      "2025-03": -21.264631078610034,
      "2025-04": -33.22260470823984,
      "2025-05": -11.922783445218766,
      "2025-06": -6.728874759614399,
      "2025-07": -15.954307061361941,
      "2025-08": -27.325688433618225,
      "2025-09": -25.423618485665497,
      "2025-10": -4.22152334600619,
      "2025-11": -20.486530161307773,
      "2025-12": -16.339415762286997,
      "2026-01": -42.06682904956116,
      "2026-02": -35.18184720813912,
      "2026-03": -26.30869092704608,
      "2026-04": -12.442422501559047,
      "2026-05": -18.14761515094791,
      "2026-06": -16.160098803037208
    }
  },
  "walk_forward": {
    "training_months": 24,
    "testing_months": 6,
    "window_count": 6,
    "passed_windows": 0,
    "windows": [
      {
        "train_start": "2023-07-01",
        "train_end": "2025-07-01",
        "test_start": "2025-07-01",
        "test_end": "2026-01-01",
        "standard_cost": {
          "trade_count": 384,
          "win_count": 132,
          "loss_count": 252,
          "win_rate": 0.34375,
          "profit_factor": 0.8318512915919082,
          "sharpe_ratio": -0.08968283014070388,
          "expectancy_r": -0.12750903356327986,
          "max_drawdown_r": 54.502452820999366,
          "max_drawdown_pct": 13.625613205249842,
          "total_net_r": -48.96346888829947,
          "monthly_returns_r": {
            "2025-07": -5.977153530679357,
            "2025-08": -17.250771479994956,
            "2025-09": -14.711809242830988,
            "2025-10": 4.389238326998511,
            "2025-11": -10.24326508065192,
            "2025-12": -5.169707881140726
          }
        },
        "stress_2x_cost": {
          "trade_count": 384,
          "win_count": 132,
          "loss_count": 252,
          "win_rate": 0.34375,
          "profit_factor": 0.6684887641101381,
          "sharpe_ratio": -0.20089745045241,
          "expectancy_r": -0.2858101126308506,
          "max_drawdown_r": 112.46803843298098,
          "max_drawdown_pct": 28.117009608245244,
          "total_net_r": -109.75108325024662,
          "monthly_returns_r": {
            "2025-07": -15.954307061361941,
            "2025-08": -27.325688433618225,
            "2025-09": -25.423618485665497,
            "2025-10": -4.22152334600619,
            "2025-11": -20.486530161307773,
            "2025-12": -16.339415762286997
          }
        },
        "passed": false
      },
      {
        "train_start": "2023-08-01",
        "train_end": "2025-08-01",
        "test_start": "2025-08-01",
        "test_end": "2026-02-01",
        "standard_cost": {
          "trade_count": 392,
          "win_count": 126,
          "loss_count": 266,
          "win_rate": 0.32142857142857145,
          "profit_factor": 0.7525717393640201,
          "sharpe_ratio": -0.13873475884403888,
          "expectancy_r": -0.1936881886632798,
          "max_drawdown_r": 80.36455175712584,
          "max_drawdown_pct": 20.09113793928146,
          "total_net_r": -75.9257699560057,
          "monthly_returns_r": {
            "2025-08": -19.156811553600846,
            "2025-09": -14.711809242830988,
            "2025-10": 4.389238326998511,
            "2025-11": -10.24326508065192,
            "2025-12": -5.169707881140726,
            "2026-01": -31.033414524779698
          }
        },
        "stress_2x_cost": {
          "trade_count": 392,
          "win_count": 126,
          "loss_count": 266,
          "win_rate": 0.32142857142857145,
          "profit_factor": 0.6048338270781384,
          "sharpe_ratio": -0.2517392808816828,
          "expectancy_r": -0.3512134831266776,
          "max_drawdown_r": 141.5532489878974,
          "max_drawdown_pct": 35.38831224697435,
          "total_net_r": -137.67568538565763,
          "monthly_returns_r": {
            "2025-08": -29.137768580830006,
            "2025-09": -25.423618485665497,
            "2025-10": -4.22152334600619,
            "2025-11": -20.486530161307773,
            "2025-12": -16.339415762286997,
            "2026-01": -42.06682904956116
          }
        },
        "passed": false
      },
      {
        "train_start": "2023-09-01",
        "train_end": "2025-09-01",
        "test_start": "2025-09-01",
        "test_end": "2026-03-01",
        "standard_cost": {
          "trade_count": 387,
          "win_count": 122,
          "loss_count": 265,
          "win_rate": 0.3152454780361757,
          "profit_factor": 0.7311496514440196,
          "sharpe_ratio": -0.153058920280059,
          "expectancy_r": -0.2128162325748671,
          "max_drawdown_r": 84.97926357689944,
          "max_drawdown_pct": 21.24481589422486,
          "total_net_r": -82.35988200647357,